Task,Optimistic,Most Likely,Pessimistic,Expected Time,,,,
Development,70 days,90 days,110 days,90 days,,,,
UI Design,40 days,47 days,60 days,47 days,,,,
Marketing Preparation,50 days,61 days,80 days,61 days,,,,
Testing & QA,30 days,36 days,50 days,36 days,,,,
Beta Testing,18 days,21 days,30 days,21 days,,,,
Post-Launch Updates (Ongoing),-,-,-,-,,,,
,,,,,,,,
,,,,,,,,
,,,,,,,,
,,,,,,,,
,,,,,,,,
Critical Path: Development -> UI Design -> Marketing Preparation -> Testing & QA -> Beta Testing,,,,,,,,
